chartreux,1
lovedoveclarkesnark,1
scoliosis,1
Graffiti,1
Y2K,1
Experiencers,1
Thetruthishere,1
blender,1
Reduction,1
Chase,1
citibank,1
dior,1
Regionsbank,1
IVF,1
DarrellBrooksJr,1
u_julie-east,1
FTMHysto,1
Carrion,1
MovieStarPlanet,1
Transgender_Surgeries,1
Biochemistry,1
vet,1
AskAcademia,1
MTGRumors,1
MMORPG,1
DnDHomebrew,1
dndnext,1
neekomains,1
Aurelion_Sol_mains,1
Yukon,1
NiceVancouver,1
hiring,1
xxketo,1
wayhome,1
TrinidadandTobago,1
RedHotChiliPeppers,1
TheFirstDescendant,1
ModernWarfareIII,1
redditmoment,1
AliceMadnessReturns,1
IdiotsInCars,1
SyringomyeliaSupport,1
woundcare,1
therapists,1
Keratoconus,1
Tinycatsinbigspaces,1
puppies,1
MurderBuns,1
FanTheories,1
DMT,1
afrikaans,1
Methadone,1
LGBT_Muslims,1
SeattleWA,1
eyes,1
Paintings,1
OrganicChemistry,1
trumpet,1
insects,1
myfavoritemurder,1
creepy,1
dubai,1
MinecraftBedrockers,1
CoeliacUK,1
mensupportmen,1
olivegarden,1
kvssnark,1
exjw,1
plants,1
Notion,1
MachineLearning,1
conan,1
blackmirror,1
CarPlay,1
mercedes_benz,1
ClaudeAI,1
wrldwidewasteland,1
disneydreamvalley,1
Existentialism,1
Sublocade,1
UnusualArt,1
EroticHorrorArt,1
domesticviolence,1
help,1
Autism_Parenting,1
photographs,1
MelbournePhotography,1
AskPhotography,1
pointlesslygendered,1
teslainvestorsclub,1
ShylaWalkerSnark,1
boymeetsworld,1
postmates,1
northkorea,1
grubhub,1
motherinlawsfromhell,1
GalaxyS21FE,1
themountaingoats,1
techsupport,1
pchelp,1
PretendoHub,1
komoot,1
CatsAreMuslim,1
epidemiology,1
gifs,1
oddlyspecific,1
MealPrepSunday,1
CDawgVA,1
UnexpectedCommunity,1
vintageaudio,1
Oscars,1
Pataskala,1
ModSupport,1
TimPool,1
mattandabbysnarks,1
leopardgeckos,1
TwinCities,1
gratefuldoe,1
ChiefKeef,1
Crushes,1
psychologyresearch,1
mbti,1
GetStudying,1
ImmigrationCanada,1
FigureSkating,1
husky,1
Spliddit,1
salahsnark,1
mets,1
Palia,1
kingsofleon,1
Cadillac,1
Catswhoyell,1
Taurusgang,1
CampfireCatCafe,1
AdobeExpress,1
animation,1
attackontitanmemes,1
laufey,1
rosalia,1
One12Collective,1
Xmen97,1
saltierthancrait,1
norge,1
Telegram,1
ZeroCovidCommunity,1
DailyHarvest,1
geology,1
premiere,1
musicians,1
LegalAdviceGermany,1
japanresidents,1
NPR,1
bodylanguage,1
otvandfriendsrumors,1
floordesks,1
4bmovement,1
TS_Withdrawal,1
mastocytosis,1
greenville,1
MRKH,1
victoria3,1
VoidCats,1
Mensmittenwithkittens,1
mentalillness,1
Spells,1
90sdesign,1
smosh,1
redditgetsdrawnbadly,1
ADTR,1
EMDR,1
DeepIntoYouTube,1
NonZeroDay,1
TheFence,1
CatTV,1
nocontextpics,1
TuxedoCats,1
JustNoSO,1
MomForAMinute,1
PropagandaPosters,1
BlackWolfFeed,1
Labour,1
weeklyplanetpodcast,1
TinasheNow,1
AskConservatives,1
TrueReddit,1
generationology,1
lucyletby,1
TwoFacedCats,1
belowdeck,1
AccidentalWesAnderson,1
ihadastroke,1
tipofmycrime,1
LGBTEgypt,1
KobeReps,1
Pmsforsale,1
TeenGirlsWantOlderMen,1
ChangedFurry,1
IgnoreHandjobs,1
transgoddesses,1
iTunesMovieDeals,1
Celebhub,1
NSFW_GIF,1
FantasyFootballers,1
SFWAmIHot,1
GME,1
AdorableAngels,1
GeorgiaDaddies4sluts,1
BeeSwarmSimulator,1
MassiveCock,1
tightdresses,1
OnlyFans101BrandNew,1
TheRookie,1
ratemyboobs,1
GunAccessoriesForSale,1
slutgirldream,1
Drueandgabe,1
SmallCutie,1
snapchatnudes_sfs,1
totalmilf,1
GlowUps,1
Marathon_Training,1
ItalyNSFW,1
BDSMpersonals,1
AskWomen,1
r4rmontreal,1
dumbthot,1
singapore,1
RepsneakersDogs,1
dbsfusionworld,1
LenovoLegion,1
SampleSize,1
dropout,1
TheBatmanFilm,1
ambien,1
Birkenstocks,1
TokyoGhoul,1
uraniumglass,1
Urbex,1
vegetarian,1
pokemonsleeppro,1
ChicagoSuburbs,1
rockford,1
Carebears,1
RoastMyCat,1
dechonkers,1
YuYuHakusho,1
MemePiece,1
Crunchyroll,1
artbusiness,1
XPpen,1
Liverpool,1
ereader,1
CampingGear,1
gay,1
PubTips,1
toRANTo,1
Spiderman,1
Dynavap,1
CardPuter,1
abv,1
canadients,1
TheScholomance,1
highdeas,1
treedibles,1
InfrastructurePorn,1
ADSBexchange,1
teilifis,1
irishproblems,1
fashion,1
SpotifyPlaylists,1
uklaw,1
EmpiresSMP,1
Criminology,1
typewriters,1
FosterAnimals,1
TudoCasa,1
literaciafinanceira,1
Brochet,1
RobinHoodPennyStocks,1
Comcast,1
aldi,1
redditsyncthemes,1
lgg6,1
HaveANiceLife,1
beachboyscirclejerk,1
sewhelp,1
RoverPetSitting,1
HEB,1
DHgate,1
UTSA,1
eldenringdiscussion,1
AskIreland,1
cork,1
LeagueOfIreland,1
IntuitiveMachines,1
NvidiaStock,1
CRKN_,1
DamnThatsFascinating,1
victoriawaldripping,1
powerscales,1
ChrisBrown,1
Brawlstars,1
MADFUT,1
TrashTaste,1
ShitThe_DonaldSays,1
FanFiction,1
HellLetLoose,1
CrumblCookies,1
HeartstopperAO,1
Scarymovies,1
assaultsurvivors,1
fishkeeping,1
trishapaytassnarkkk,1
Sidemen,1
WEPES,1
Chiropractic,1
sidehustle,1
MouseReview,1
martialarts,1
ChronicPain,1
HerniatedDisc,1
EASportsFC,1
GiftIdeas,1
rockets,1
Nest,1
thebigbangtheory,1
AutisticPeeps,1
VRchat,1
OculusQuest2,1
funkopop,1
Rammstein,1
Dogtraining,1
RockOfLove,1
moraldilemmas,1
redditonwiki,1
tappedout,1
megalophobia,1
submechanophobia,1
DListedCommunity,1
DatingApps,1
ChimpCrazyHBO,1
IDmybratz,1
pokemonviolet,1
MeanGirls,1
propagation,1
godsearth,1
beachcombing,1
BPDlovedones,1
elementary,1
LoveOnTheSpectrumShow,1
HomeDepot,1
oregon,1
PortlandOR,1
GalemancersBG3,1
WritingHub,1
BetaReaders,1
FedEx,1
realtors,1
TryingForABaby,1
PokemonLegendsArceus,1
ShortStoriesCritique,1
YouTubeEditorsForHire,1
Parenting,1
GetOutOfBed,1
macbook,1
poutine,1
Pathfinder_RPG,1
GoodPizzaGreatPizza,1
Coraline,1
IowaCity,1
macandcheese,1
SayAnything,1
NPB,1
raspberry_pi,1
UpliftingNews,1
CommercialAV,1
kennyvsspenny,1
neurodiversity,1
BattlefieldV,1
wholefoods,1
EggsInc,1
LowCalFoodFinds,1
Volumeeating,1
BulkOrCut,1
Residency,1
prey,1
whatsthisbird,1
dishonored,1
Scandal,1
TheGreatNorth,1
whybrows,1
AskMeAnythingIAnswer,1
MarriedAtFirstSightAu,1
HalfLife,1
gmod,1
OliviaH3Snark,1
flipperzero,1
NewMexico,1
pillhead,1
Kitchenaid,1
kentuckyroutezero,1
pcgaming,1
signalis,1
ABroadInJapan,1
taskmaster,1
crashteamracing,1
darksoulsmemes,1
TimDillon,1
deadmeatjames,1
aspiememes,1
transit,1
trains,1
aromantic,1
TripleABattery,1
aaaaaaaarrrrro,1
PlantIdentification,1
migrainecirclejerk,1
LoveNikki,1
PatMcAfeeShowOfficial,1
Braves,1
HuntsvilleAlabama,1
collegebaseball,1
Msstate,1
FridgeDetective,1
cinematography,1
Pathfinder_Kingmaker,1
Harmontown,1
Sardonicast,1
gvp,1
stewartlee,1
Israel,1
ukraine,1
Soundgarden,1
latin,1
InterviewVampire,1
RandomActsOfGaming,1
PS3,1
DeadlockTheGame,1
mythology,1
whatisthisbug,1
pumparum,1
Cholesterol,1
MagicalGirls,1
CasualPokemon,1
HearthDecklists,1
Smite,1
UTK,1
Norwich,1
dancegavindance,1
ARTIST,1
thelastdinnerparty,1
BigSean,1
bleachers,1
AEWOfficial,1
LetsReadOfficial,1
diabetes_t2,1
MattyMatheson,1
statsfm,1
Brookline,1
AssassinsCreedOdyssey,1
theamazingdigitalciru,1
CozyGrove,1
Doppleganger,1
gravityfalls,1
goodrestrictionfood,1
badphilosophy,1
Defeat_Project_2025,1
union,1
SouthBayLA,1
CommunismWorldwide,1
UnionCarpenters,1
DaoWallpaper,1
ShieldAndroidTV,1
Mainlander,1
communism,1
todoist,1
PhilosophyofScience,1
Veterans,1
GrowBuddy,1
hookah,1
communism101,1
bologna,1
Lebanese,1
qatar,1
MURICA,1
gamingmemes,1
Liberal,1
Marathon,1
realmadrid,1
potionseller,1
Cheese,1
Spokane,1
overemployed,1
EvilDead,1
askdfw,1
askfuneraldirectors,1
proplifting,1
nashville,1
transporn,1
AnalogCommunity,1
ridgewood,1
DannyBrown,1
underscoresplus,1
tanlines,1
iphone16ProMaxFan,1
AbruptChaos,1
GH5,1
u_h3snarkmodteam2,1
h3snarkDiscord,1
modhelp,1
SantaMuerte,1
doggrooming,1
DogBreeding,1
scottishterriers,1
videography,1
JusticeMusic,1
Tennessee,1
h1z1,1
H1Z1OnPS4,1
ExposurePorn,1
AdrenalinePorn,1
berlin,1
UnicornOverlord,1
StreetFighter,1
Socalswingers,1
OrangeCountyMeetups,1
DDLC,1
legal,1
PropertyManagement,1
ChildSupport,1
Interstitialcystitis,1
pools,1
h3h3_Ladies,1
dank_meme,1
ElectricalEngineering,1
jpegmafiamusic,1
OntarioUniversities,1
supersmashbros,1
yeezys,1
yorku,1
FLOCKA,1
RDR2,1
Portal,1
characterdesign,1
DeadlockCirclejerk,1
SomeOrdinaryGmrs,1
NeebsGaming,1
exxxchange,1
Idaho,1
trichotillomania,1
mushroomID,1
needamod,1
olilondon_snark,1
biology,1
indiafood,1
sunraybee,1
delhi,1
IndianHairAdvice,1
ATLAtv,1
UKFrugal,1
GeoWizard,1
MagdalenaBay,1
ukpolitics,1
okmatewanker,1
UI_Design,1
TheExpanse,1
PinkOmega,1
Newbalance,1
FigmaDesign,1
LinusFaces,1
nonprofit,1
KarmaRoulette,1
BenzoWithdrawal,1
Radiology,1
Ryujinx,1
Back4Blood,1
transpositive,1
alvvays,1
DontFundMe,1
canadaleft,1
Dalhousie,1
loblawsisoutofcontrol,1
survivinginfidelity,1
theidol,1
cateatingvegans,1
Negareddit,1
deadmau5,1
Epiphone,1
Muse,1
offset,1
iPhone13,1
MansonGuitars,1
iPhone13Mini,1
extremelyinfuriating,1
inuyasha,1
mcgill,1
jobsearchhacks,1
BreakUp,1
dragonage,1
TheYouShow,1
appleswap,1
EnoughTrumpSpam,1
Anaheim,1
lewronggeneration,1
thatHappened,1
makemychoice,1
cringepics,1
AskCentralAsia,1
grimezs,1
UkraineRussiaReport,1
americandad,1
bitlife,1
BitLifeApp,1
YesAmericaBad,1
eggs,1
SovietUnionPosters,1
russianmusic,1
spreadytoes,1
wintercycling,1
TheFrontBottoms,1
bleachshirts,1
Perfectfit,1
Hidradenitis,1
LivestreamFails,1
DMZ,1
jerma985,1
ageofempires,1
Kenshi,1
SubredditDramaDrama,1
NationalVisaCenter,1
chutyapa,1
PAK,1
ENGLISH,1
Idubbbz,1
CrappyDesign2,1
FemFragLab,1
somethingimade,1
boysarequirky,1
Tacoma,1
Sandwiches,1
ArtefactPorn,1
BPDmemes,1
SquadBusters,1
PikminBloomApp,1
RHOMiami,1
LongDistance,1
TheGlassCannonPodcast,1
Bluetooth_Speakers,1
DarK,1
guitarpedals,1
FlashTV,1
outerwilds,1
okbuddyidjit,1
GeForceNOW,1
newmusic,1
hiphop,1
flyinglotus,1
scotus,1
Golfwang,1
BruceDropEmOff,1
fsusports,1
tampa,1
streetwearstartup,1
sneakermarket,1
WestSubEver,1
ObscureMedia,1
animalid,1
stonedswifties,1
modernquilts,1
iwoulddiefornoodle,1
ResumeExperts,1
askmath,1
ApplyingToCollege,1
soupenthusiasts,1
chickennuggets,1
Arkansas,1
u_NotThrowingCrownAway,1
CatsBeingCats,1
FacebookScience,1
AITA_WIBTA_PUBLIC,1
Satisfyingasfuck,1
BallBlast,1
Annas_Archive,1
LEGOfortnite,1
Citrus,1
numetal,1
lupinNetflix,1
shitposting,1
citypop,1
Tajikistan,1
Kyrgyzstan,1
ftm,1
lordhuron,1
Jeep,1
fayewebster,1
EdgewaterRogersPark,1
water,1
Amtrak,1
chibike,1
fujifilm,1
OfficeChairs,1
BuyItForLife,1
JuiceWRLD,1
avatartrading,1
Boruto,1
DreamWorks,1
entertainment,1
PeterExplainsTheJoke,1
FortWorth,1
MtvChallenge,1
technicallythetruth,1
paris,1
cringe,1
AndroidHelp,1
KarenReadTrial,1
eBaySellerAdvice,1
LOLSurprise,1
VPN,1
SparkingZero,1
blueyeti,1
TheCamboysConfessions,1
ZionNationalPark,1
mealtimevideos,1
AdvertiseYourVideos,1
GetMoreViewsYT,1
TopConspiracy,1
skeptic,1
ConspiracyII,1
foundfootage,1
hiphop101,1
greatdanes,1
Disturbingasfuck,1
terrifier,1
themaine,1
FashionQuestWorlds,1
radiofreewest,1
YodayoTavern,1
radicalMENA,1
Kingdom,1
CuteTraps,1
ASOIAFporn,1
cosplayers,1
UnpopularLoreOlympus,1
chickens,1
BackYardChickens,1
TheBeatles,1
PaulMcCartney,1
ENLIGHTENEDCENTRISM,1
Eyebrows,1
UnsolvedMysteries,1
Ethiopia,1
nflcirclejerk,1
AFCNorthMemeWar,1
Scrubs,1
fairlyoddparents,1
AbbottElementary,1
CatsAndSoup,1
SellingSunset,1
SellingtheOC,1
soundcloud,1
AussieTikTokSnark,1
regretfulparents,1
poi,1
immigration,1
illnessfakers,1
MikaylaNogueira,1
ASUS,1
AppleCard,1
PowerWashSimulator,1
ROGAlly,1
himalayancats,1
physicianassistant,1
newjersey,1
chinaglass,1
endometriosis,1
GameSale,1
AskPsychiatry,1
TherapeuticKetamine,1
RepTronics,1
OwnagePranks,1
SonicTheHedgejerk,1
eddyburback,1
love,1
StarWarsEU,1
TheAcolyte,1
MultiVersus,1
AmazonPrimeVideo,1
GothamKnights,1
EASHL,1
saturdaynightlive,1
LiveFromNewYork,1
sitcoms,1
workaholics,1
ShaneGillis,1
FTMFitness,1
domekeeper,1
FearAndHunger,1
PBE,1
UnethicalLifeProTips,1
memphis,1
u_BarristanTheBoldCuck,1
mattmaltese,1
Charlottesville,1
thesims2,1
Sims3,1
MySceneDolls,1
TheMarvelousMrsMaisel,1
ChuckleSandwich,1
CodyKoSnark,1
Washington,1
SecretsOfMormonWives,1
exmormon,1
pornglobe,1
findomsupportgroup,1
WegovyWeightLoss,1
Dabs,1
EIDL,1
Psyiconic,1
granturismo,1
CLOUDS,1
BalisongSale,1
CypherRing,1
mechmarket,1
H3_Snark,1
AZCardinals,1
Emailmarketing,1
FortCollins,1
TIHI,1
Eyebleach,1
dontdeadopeninside,1
jacksonville,1
mystery,1
bi_irl,1
catswhocrochet,1
weirddalle,1
Shitty_Car_Mods,1
urbanexploration,1
Netherlands,1
Slovenia,1
Ska,1
folkmetal,1
postpunk,1
Frauditors,1
beyonce,1
Dragonballsuper,1
okbuddybaldur,1
GreekMythology,1
streaming,1
EASportsUFC,1
missoula,1
royalcaribbean,1
BloodySpell,1
u_datasnark,1
UofT,1
Brampton,1
electrical,1
MyBigFatFabulousLife,1
gatewaytapes,1
NevilleGoddard,1
psychoanalysis,1
campinas,1
conversas,1
saopaulo,1
TIdaL,1
tressless,1
AskWomenOver30,1
TDNightCountry,1
RelatosDoReddit,1
boniver,1
NaMinhaEstante,1
USP,1
ThatChapter,1
Baking,1
tipping,1
CaliBanging,1
SocialDemocracy,1
noelmiller,1
japanesestreetwear,1
Metallica,1
microdosing,1
phenibut,1
photoshop,1
DonToliver,1
ForbiddenSiren,1
gtamarketplace,1
LiesOfP,1
Dorohedoro,1
FAFSA,1
CatTraining,1
Repsneakers,1
WhyWereTheyFilming,1
valencia,1
canarias,1
virgoat,1
StopSpeeding,1
horary,1
india,1
evilbuildings,1
crt,1
SwitchPirates,1
PSP,1
csgo,1
BEYERDYNAMIC,1
EmulationOnAndroid,1
BigTime,1
HeadphoneAdvice,1
vita,1
crtgaming,1
CyberStuck,1
Nike,1
lewishamilton,1
JRPG,1
superstonkuk,1
dankruto,1
imaginarymapscj,1
transpassing,1
chemhelp,1
whatisthisbird,1
onetruegod,1
DesirePath,1
hmmm,1
trailerparkboys,1
Hashimotos,1
45PlusSkincare,1
ZodiacKiller,1
Ameristralia,1
WeightlossJourney,1
TheVampireDiaries,1
LucidDreaming,1
PCOSloseit,1
TheGoodPlace,1
Sleepparalysis,1
NotADragQueen,1
daverubin,1
aiMusic,1
AISongParodies,1
AI_Music,1
EarthPorn,1
beerporn,1
faceswap,1
GamePhysics,1
Bonsai,1
RDRSuperstar,1
InteriorDesign,1
Antiques,1
ffxivhomeandgarden,1
AbsoluteUnits,1
brushybrushy,1
curledfeetsies,1
ChoosingBeggars,1
Catloaf,1
uselessredcircle,1
StoppedWorking,1
AusFinance,1
u_sookie_baby_,1
arabs,1
dubstep,1
Squamish,1
monsterenergy,1
IAmTheMainCharacter,1
whatbirdisthis,1
badparking,1
airsoft,1
tall,1
ketamine,1
stagelighting,1
bakudeku,1
canva,1
MenLovingMenMedia,1
BokunoheroFanfiction,1
DrewGooden,1
keyhouse,1
Renovations,1
homerenovations,1
Fibromyalgia,1
DocMartens,1
Steam_Link,1
Blizzard,1
MexicoFinanciero,1
Chicano,1
nessabarrettsnark,1
RandomActsofNursing,1
petsitting,1
JusticeForMicaMiller,1
adultnursing,1
Whatisthis,1
Switch,1
AskVegans,1
PetAdvice,1
vegancirclejerkchat,1
HollowKnight,1
CFB,1
UnresolvedMysteries,1
911archive,1
TripodCats,1
FancyFollicles,1
lacqueristas,1
orangeisthenewblack,1
uber,1
EuroPreppers,1
skinsTV,1
adhdmeme,1
AskEconomics,1
Marxism,1
whatsthatbook,1
u_Chad_Wife,1
IBDmemes,1
kibbecirclejerk,1
NotHowGirlsWork,1
Unemployed_VA,1
Ipsy,1
harrystyles,1
KetoMeals,1
TheMandalorianTV,1
DarthRey,1
TheOutsider,1
blackmagicfuckery,1
womensstreetwear,1
shouldercats,1
menwritingwomen,1
woof_irl,1
whatisthatmovie,1
FireStickHacks,1
ApartmentHacks,1
branding,1
HomeImprovement,1
print,1
Epson,1
Toonami,1
lfg,1
Fallout4Mods,1
Diablo,1
ImaginaryMonsters,1
StableDiffusion,1
DuelLinks,1
weirdtube,1
pcgamingtechsupport,1
drunk,1
earlsweatshirt,1
TheLastOfUs2,1
natureismetal,1
BestFriendsToday,1
Hafulobby,1
AlexaBliss,1
MikeAdriano,1
BlackPeopleComedy,1
untildawn,1
fatsquirrelhate,1
lookatmydog,1
fatsquirrelhatred,1
PercyJacksonTV,1
FairyGardens,1
nope,1
BlackLivesMatter,1
LetsNotMeet,1
okbuddytheserfs,1
climatechange,1
ClimateActionPlan,1
climate,1
humanrights,1
Novara_Media,1
Xanderhal,1
LeftistMafia,1
Coach,1
Evri,1
drivingUK,1
bookbinding,1
bookrepair,1
YAlit,1
Redhair,1
LAlist,1
Ebay,1
femalehairadvice,1
LDR,1
MechanicalKeyboards,1
Bumperstickers,1
chessbeginners,1
underratedmovies,1
MovieRecommendations,1
nathanforyou,1
TheOnion,1
Utah,1
CelebrityNumberSix,1
QTCinderella,1
Fuckthealtright,1
daddit,1
rccars,1
offmenupodcast,1
VeganFoodPorn,1
ExpectationVsReality,1
veganmemes,1
PrequelMemes,1
lorde,1
Crystals,1
leftist,1
PunkMemes,1
punkfashion,1
MusicalTheatre,1
DID,1
GayChristians,1
AyeshaErotica,1
anarchocommunism,1
u_zoomer-socialist,1
baltimore,1
Kitboga,1
arresteddevelopment,1
CoronavirusMD,1
woodyallen,1
randonauts,1
WatchWhatCrappens,1
minimalism,1
melshole,1
bengals,1
911dispatchers,1
WastedGifs,1
fffffffuuuuuuuuuuuu,1
IfBooksCouldKill,1
reddevils,1
rmbrown,1
u_EnMarcheNoire,1
chainsawmancirclejerk,1
assassinscreed,1
nikocadoavocadohate,1
Meditation,1
ShogunTVShow,1
GTA6,1
sports,1
nataliagrace,1
paypal,1
InformationTechnology,1
unRAID,1
catfree,1
AltStore,1
UNIFI,1
gay_irl,1
warsaw,1
IndianFoodPhotos,1
RandomActsOfTacoBell,1
avfc,1
prediabetes,1
BrownsMemes,1
gallbladders,1
doughertydozen,1
predental,1
cordcutters,1
msu,1
fastfood,1
singing,1
aiArt,1
recruiting,1
TruckerCats,1
audacity,1
BadHandwriting,1
Transcription,1
driving,1
translator,1
DataHoarder,1
bioniclememes,1
DMV,1
petfree,1
gaptrail,1
Fidelity,1
FinalFantasyXVI,1
awardtravel,1
FinalFantasyVIII,1
WholeFoodsPlantBased,1
FinalFantasyXII,1
BlueLock,1
UmbrellaAcademy,1
RisingImpact,1
ImAllexx,1
legendofkorra,1
gamedev,1
hingeapp,1
unrealengine,1
gameDevClassifieds,1
IndieGaming,1
textbook,1
Roms,1
canton,1
imaginaryelections,1
Chiraqology,1
selfharm,1
Ohio,1
gmu,1
krtheworldsetfree,1
psat,1
RoastMyCar,1
UCalgary,1
PokemonLetsGo,1
PokemonBDSP,1
gamecollecting,1
RalphLauren,1
anker,1
headphones,1
GyroGaming,1
eGPU,1
laptops,1
jazzguitar,1
musictheory,1
Suikoden,1
Huebi,1
MODELING,1
Markiplier,1
InstagramMarketing,1
UnusAnnusArchival,1
StarWarsJediSurvivor,1
GMFST,1
gtaonline,1
thedivision,1
radiohead,1
BookCollecting,1
themarsvolta,1
arielpink,1
GymMotivation,1
babywearing,1
beyondthebump,1
nubtheory,1
Coronavirus,1
Roccat,1
ergonauts,1
Coinex,1
starcitizen,1
StarWarsKenobi,1
chia,1
coinspotau,1
hardware,1
workfromhome,1
SameGrassButGreener,1
GregDoucette,1
gynecomastia,1
Airpodsmax,1
czechrepublic,1
DorianElectra,1
Prague,1
AskLGBT,1
backpacks,1
macapps,1
cscareerquestionsEU,1
popping,1
Dyshidrosis,1
stray,1
Nailtechs,1
Terraria,1
thelastofus,1
bald,1
keratosis,1
OpinionesPolemicas,1
leducserialkiller,1
BachelorNation,1
jasper,1
mechanic,1
MitsubishiEclipse,1
oakville,1
moving,1
canadian,1
aircanada,1
applehelp,1
SocialMediaMarketing,1
bigbrotherbros,1
OutoftheTombs,1
TomBlyth,1
H5N12024,1
clairo,1
GenX,1
hillaryclinton,1
theregime,1
Hungergames,1
maroon5,1
yuri_manga,1
GalaxyTab,1
homesecurity,1
MediaLight,1
UpholdOfficial,1
funimation,1
COVID19_support,1
CRedit,1
musichoarder,1
ipod,1
galaxybuds,1
RiseofKingdoms,1
Windows10,1
Substratum,1
galaxys10,1
samsunggalaxys6,1
NovaLauncher,1
GalaxyS6,1
discordapp,1
ShinyPokemon,1
BJM,1
bostontrees,1
Pickles,1
California_Politics,1
madeinusa,1
appletv,1
tifu,1
MCUTheories,1
lgbt_superheroes,1
Marvel,1
blogsnark,1
kawarthalakes,1
BellevilleOntario,1
OntarioLandlord,1
ontario,1
WWE,1
TrumpMemes,1
tretinoin,1
PLLOriginalSin,1
Ghostbc,1
GhostBand,1
homelab,1
PcBuildHelp,1
Corsair,1
VLC,1
howto,1
debian,1
TronScript,1
pihole,1
zfs,1
ElSalvador,1
bonfireremixes,1
JoeyDiaz,1
florence,1
pbsc,1
publix,1
starbucksbaristas,1
Autoimmune,1
bratzID,1
mylittlepony,1
demons,1
Cursive,1
AskRedditAfterDark,1
TittyDrop,1
GoneWildSmiles,1
catgirls,1
InnocentlyNaughty,1
CombatSportsCentral,1
anybookrequest,1
textbook_piracy,1
conspiracy_commons,1
Jujutsushi,1
OyasumiPunpun,1
WindowTint,1
u_Capeverde33,1
Hereditary,1
TheTraitors,1
RaffoulTicket,1
PS4SupportPage,1
PlayStationSupport,1
zanzibar,1
mazda,1
Funnymemes,1
StarWarsleftymemes,1
CuratedTumblr,1
MightyHarvest,1
motorola,1
DBZDokkanBattle,1
koreanskincare,1
Egypt,1
RightStufAnime,1
atheistmemes,1
catecoin,1
CasperCSPR,1
Ornithology,1
constellation,1
arcteryx,1
fuslie,1
valkyrae,1
WeddingPhotography,1
Tailors,1
inlaws,1
WatcherSnark,1
barrie,1
fnaftheories,1
GODZILLA,1
1500isplenty,1
HungryArtistsFed,1
gaiaonline,1
callcentres,1
wisdomteeth,1
Vaping,1
Coldplay,1
DailyProductGems,1
tomorrow,1
EatItYouFuckinCoward,1
BikiniBottomTwitter,1
Millennials,1
GamingLeaksAndRumours,1
legendofzelda,1
JustGuysBeingDudes,1
Catculations,1
Soda,1
hamiltonmusical,1
feathers,1
spirituality,1
Tarots,1
theoffice,1
Garmin,1
DreamInterpretation,1
ausadhd,1
SpaceMarine_2,1
BlackMetal,1
AskFeminists,1
BorderlinePDisorder,1
DiscoveryID,1
AlAnon,1
CerebralPalsy,1
abusiveparents,1
Wavyhair,1
TokyoDisneySea,1
uktravel,1
nevertellmetheodds,1
mexico,1
lacamiseta,1
Cosmere,1
FinalFantasy,1
brandonsanderson,1
baldursgatememes,1
mtfashion,1
Godzillamemes,1
Stormlight_Archive,1
corgi,1
hatemyjob,1
kickstarter,1
TheRegrettes,1
penpals,1
GirlsMirin,1
starwarsmemes,1
Barry,1
UnsentLetters,1
FreeCompliments,1
StVincent,1
cubism,1
Vancouver4Friends,1
TheTryGuysSnark,1
QueerEye,1
POPMART,1
shittyMBTI,1
pigs,1
hoarding,1
SoulFrame,1
joeyy,1
Games,1
Enough_Vaush_Spam,1
blackopscoldwar,1
adultswim,1
Slycooper,1
Chinese,1
Achievement_Hunter,1
MyChemicalRomance,1
landscaping,1
woahthatsinteresting,1
Corridor,1
Pottery,1
CulturalLayer,1
InterestingToRead,1
ScienceNcoolThings,1
Miniworlds,1
ender3,1
ender3v2,1
marvelmemes,1
toptalent,1
kerning,1
castiron,1
legotechnic,1
Anticonsumption,1
plantabuse,1
perfectlycutscreams,1
perfectloops,1
columbuscirclejerk,1
SoakOff,1
Indiemakeupandmore,1
muacjdiscussion,1
acturnips,1
LengfOrGirf,1
nbacirclejerk,1
serialkillers,1
AustralianMakeup,1
Chriswatts,1
cosmeticsurgery,1
GenV,1
Safe4Trans,1
OnlyFansAsstastic,1
RateMyNudeBody,1
GaybrosGoneWild,1
stateio,1
sissy_personals_uk,1
Femcock,1
LegalTeens,1
MILFs,1
bodegaboys,1
dustkitties,1
DirtyChatPals,1
ShinyPorn,1
realHomemade,1
swingersgermany,1
WorldOfWrestlingWomen,1
CATpreparation,1
Bandmemes,1
NoFansAllowed,1
InfluencerNSFW,1
jerkbudsHentai,1
Dandadan,1
AmateursGirlsPorn,1
manhwa,1
HornyWivesNextDoor,1
YouTubePromoter,1
3DSdeals,1
nsfw_roleplay,1
HomemadeNsfw,1
budgies,1
Daddy,1
PerfectTits,1
NordGW,1
Gayarabwild,1
WWEGames,1
SluttyConfessions,1
homemadexxx,1
sofi,1
CamGirls_all,1
TeenGoneHorny,1
SouthFloridaSluts,1
HugeDickTinyChick,1
DadWouldBeProud,1
TheNightFeeling,1
AmateurRoomPorn,1
TheWayWeWere,1
Breadit,1
BuddyCrossing,1
veganrecipes,1
podcasts,1
Splatoon_2,1
MFPMPPJWFA,1
IRS,1
findthatsong,1
OUTFITS,1
MakeupAddicts,1
uglyduckling,1
blunderyears,1
NameMyDog,1
EDRecoverySnark,1
Ask_Politics,1
13ReasonsWhy,1
BirdsBeingDicks,1
blop,1
WhatsWrongWithYourDog,1
PeopleFuckingDying,1
AnimalsBeingDerps,1
crochetpatterns,1
friendship,1
protest,1
AskReddit_NSFW,1
u_True_Profession_3342,1
DesignerReps,1
OzempicForWeightLoss,1
ValueInvesting,1
digitalnomad,1
investing,1
interactivebrokers,1
decaf,1
Oaxaca,1
MexicoCity,1
JapanTravel,1
GettingShredded,1
leangains,1
whatsapp,1
509damnshesfineSnark,1
Autism_Mom_Life,1
straykids,1
RoastMe,1
TomorrowByTogether,1
darksideoreoskittles2,1
livenfamilysnark,1
Lore_Olympus,1
VanderpumpVillaTVShow,1
optometry,1
FIU,1
AutismTranslated,1
ATEEZ,1
TheWildsonPrime,1
dogpictures,1
PaleMUA,1
leopardgeckosadvanced,1
pumpkincarving,1
bugidentification,1
agedtattoos,1
beaniebabies,1
pacmanfrog,1
itchioJusticeBundle,1
Haircare,1
placebo,1
ukvisa,1
badwomensanatomy,1
CarnivalCruiseFans,1
Panera,1
LicibabySnark,1
WaltDisneyWorld,1
Cruise,1
a:t5_69605p,1
a:t5_69601s,1
Glitch_in_the_Matrix,1
samsclub,1
keneurich_snark,1
titanfolk,1
bollywoodmemes,1
budgetfood,1
riseoftheronin,1
GhostRecon,1
Celtic,1
Catholicism,1
Whang,1
SONSOFBRIDGES,1
a:t5_5etc0x,1
UPenn,1
KnockoutCity,1
im14andthisisdeep,1
NintendoNX,1
wiiu,1
splatoon,1
amiibo,1
goblincore,1
ThreedomUSA,1
eatsandwiches,1
PeanutWhiskers,1
knolling,1
CatSlaps,1
vintage,1
cureFIP,1
fivestarstories,1
acecombat,1
tirzepatidehelp,1
90dayfiance_FB_memes,1
UniversityOfWarwick,1
CatsWhoSqueak,1
ACNHvillagertrade,1
WhatBreedIsMyDog,1
niceguys,1
ACNHGardening,1
Arrowheads,1
bayarea,1
DisneyChannel,1
SexLivesCollegeGirls,1
CruelSummer,1
SFSU,1
Banking,1
portlandme,1
corvids,1
Felting,1
handpoke,1
skulls,1
sickpanthertattoos,1
n64,1
amazonprime,1
GameStop,1
GVSU,1
CloneWarsMemes,1
gameverifying,1
paristexass,1
CarRepair,1
cars,1
comics,1
Rateme,1
BushBabes,1
AustinHookup,1
TeensMeetTeens,1
FertileGirls,1
MarriedButChatting,1
promoteonlyfans,1
RateMyAss_,1
turning,1
cardano,1
Onlyfanssmallgirls,1
GOONED,1
Healthygamergg,1
LegalAdviceUK,1
OnlyFansPetite,1
Celiac,1
bigonewild,1
LifeAdvice,1
vwgolf,1
NYr4r,1
sandiegopersonals,1
YoungBabes,1
Watchexchange,1
OnlyFansChubbyBBW,1
braless,1
sfbaypersonals,1
chubby,1
stories,1
shittygaming,1
LodedDiper,1
OcarinaOfTime,1
WMATA,1
videogames,1
stupidquestions,1
chanceme,1
AmericaBad,1
onewheel,1
Dentistry,1
lies,1
gigabytegaming,1
aorus,1
ForzaHorizon,1
okbuddykrish,1
fabricmc,1
Anxietyhelp,1
Documentaries,1
onejoke,1
SeveranceAppleTVPlus,1
dadjokes,1
FUCKYOUINPARTICULAR,1
DesignDesign,1
selfpublish,1
LiamPayne,1
WildlifeRehab,1
DeadSpace,1
classicfallout,1
J_Horror,1
falloutnewvegas,1
mountaindew,1
winterporn,1
LittleCaesars,1
feedthebeast,1
CODZombies,1
DarwinAwards,1
goldenknights,1
that_Poppy,1
Korn,1
TylerFischerFans,1
Nirvana,1
VancouverIsland,1
NicotinePouch,1
securityguards,1
YelpDrama,1
supremeclothing,1
lawnporn,1
lawnmowers,1
rockabilly,1
Basketball,1
toys,1
finance,1
GymMemes,1
GYM,1
MensRights,1
SuddenVillagePeople,1
Autographs,1
gambling,1
ViewAskewniverse,1
TheMonkeysPaw,1
Tattoocoverups,1
emmachamberlain,1
TrueBlood,1
TravelNursing,1
filmcameras,1
depressionregimens,1
prozac,1
cosmoandwanda,1
AutoBodyRepair,1
SurLeBoutDeLaLangue,1
AskFrance,1
Bad_Cop_No_Donut,1
TheOA,1
Wallows,1
singularity,1
neuro,1
poland,1
statistics,1
LetsTalkMusic,1
lonely,1
AvPD,1
PredictiveProcessing,1
MacOSBeta,1
macgaming,1
learnmachinelearning,1
inscryption,1
TemuThings,1
boardgames,1
InfectedMushroom,1
AmericanHorrorStory,1
HalloweenProps,1
Hedgehog,1
justiceforKarenRead,1
golftips,1
GolfSwing,1
golf,1
SpiritualAwakening,1
IncelTears,2
coolguides,2
TFABLinePorn,2
National_Pet_Adoption,2
aloyoga,2
FormulaFeeders,2
HomeMaintenance,2
Aritzia,2
Dallas,2
azealiabanks,2
gigantic,2
childfree,2
BigBrother,2
HouseFlipper,2
xbox,2
AbandonedPorn,2
SuicideBoys,2
abortion,2
XboxSupport,2
xboxone,2
euphoria,2
gamernews,2
Broadway,2
oldhagfashion,2
IWantToLearn,2
israelexposed,2
auscorp,2
AskAnAustralian,2
unimelb,2
kindle,2
RainbowEverything,2
drugsarebeautiful,2
hbomberguy,2
GivenAnime,2
Insurance,2
cookingforbeginners,2
HermitCraft,2
ThirdLifeSMP,2
AnorexiaNervosa,2
hygiene,2
careeradvice,2
HomeDecorating,2
cults,2
antiMLM,2
dataisbeautiful,2
decadeology,2
DeepFuckingValue,2
chess,2
NaturePhoto,2
CreepyArt,2
ArtPorn,2
FemaleHairLoss,2
AreTheStraightsOK,2
vfx,2
StupidFood,2
xcloud,2
FoundPaper,2
tax,2
sheffield,2
lostgeneration,2
Marijuana,2
UpvoteBecauseButt,2
TheRightCantMeme,2
comedyenforcement,2
Vanderpumpaholics,2
NotHowGuysWork,2
foodsafety,2
BeAmazed,2
interesting,2
HolUp,2
masskillers,2
work,2
sanfrancisco,2
Ceanothus,2
classicalmusic,2
marinebiology,2
povertyfinance,2
rentAgirfriend,2
suboxone,2
Grimes,2
bouldering,2
LadyGaga,2
braces,2
TellMeLiesHulu,2
nebelung,2
AskMechanics,2
CatsWhoSmoke,2
mlem,2
FirstTimeHomeBuyer,2
truthaboutjohnny,2
Frugal,2
IsraelCrimes,2
batman,2
MarvelLegends,2
COVID19positive,2
hypotheticalsituation,2
CirclejerkSopranos,2
MuayThai,2
PitchforkMusicFest,2
upcycling,2
LoomKnitting,2
Siamesecats,2
HelloKittyIsland,2
delusionalartists,2
venting,2
Feminism,2
JUSTNOMIL,2
woahdude,2
TaylorSwiftMerch,2
SabrinaCarpenterDisc,2
SignedAlbums,2
nostalgia,2
AskABrit,2
AskMen,2
NatureIsFuckingLit,2
algeria,2
SpecialSnowflake,2
AskElectricians,2
WhatIsMyCQS,2
KinkTown,2
SeattleGW,2
JerkOffChat,2
UnbelievableStuff,2
PokemonGoRaids,2
Miniswap,2
chastity,2
PowerScaling,2
aquarius,2
slaytheprincess,2
comedybangbang,2
ucf,2
Ghosts,2
ghibli,2
sanrio,2
Shoes,2
HelloKitty,2
CozyGamers,2
askphilosophy,2
AskLiteraryStudies,2
Scholar,2
ifyoulikeblank,2
RimWorld,2
ArtistLounge,2
ArtOfRolling,2
lost,2
Wellworn,2
BestofRedditorUpdates,2
OnlyMurdersHulu,2
Edinburgh,2
acne,2
VaultHuntersMinecraft,2
lisboa,2
PortugalLaFora,2
london,2
HauntingOfHillHouse,2
Comcast_Xfinity,2
grandrapids,2
chimefinancial,2
s10e,2
AskAMechanic,2
Steam,2
xmen,2
DIY,2
agedlikemilk,2
PS4,2
pinkfloyd,2
BinghamtonUniversity,2
Photography101,2
GalaxyWatch,2
MollyRutterSnark,2
TNXP,2
pigeon,2
Dublin,2
ksi,2
YixingSeals,2
OrphanCrushingMachine,2
GeorgiaOrGeorgia,2
pokemoncards,2
dankmemes,2
goodreads,2
Outlander,2
Ulta,2
TT_Debate_SNRK,2
TikTok,2
Noses,2
SkincareAddicts,2
SuccessionTV,2
AnimeFigures,2
cscareerquestions,2
Teachers,2
Bumble,2
comedyheaven,2
dumbphones,2
flipphones,2
VenusFlyTraps,2
ToiletPaperUSA,2
mountandblade,2
KidsAreCondomAds,2
thalassophobia,2
greentext,2
Whatcouldgowrong,2
Justfuckmyshitup,2
antimeme,2
PDiddyTrial,2
CustomPlayerCutscene,2
InternetIsBeautiful,2
AskOuija,2
DiWHY,2
4kTV,2
patreon,2
uBlockOrigin,2
MosquitoHating,2
jakeandamir,2
mangadex,2
revancedapp,2
FitGirlRepack,2
dalle2,2
whatstheword,2
comedyamputation,2
ProfessorLayton,2
youngpeopleyoutube,2
Tufting,2
birding,2
gamingsuggestions,2
mcrealmsservers,2
haloinfinite,2
blueprint_,2
midjourney,2
ThatsInsane,2
Whitehorse,2
MoldyMemes,2
DenzelCurry,2
TechWear,2
DiagnoseMe,2
beer,2
Bitcoin,2
Flensburg,2
German,2
Nissan,2
AirpodsPro,2
evangelion,2
medicalschool,2
hobonichi,2
traditionaltattoos,2
kallmekris,2
morbidquestions,2
TombRaider,2
mirrorsedge,2
10s,2
HadesTheGame,2
HouseMD,2
Layer,2
ich_iel,2
Flagrant2,2
DuggarsSnark,2
resumes,2
bonnaroo,2
ultimate,2
opera,2
onguardforthee,2
newfoundland,2
timelapse,2
stopsmoking,2
RogueTraderCRPG,2
jrvp,2
unket,2
Asksweddit,2
SmuleSing,2
PioneerMTG,2
grammar,2
Appalachia,2
Lamps,2
musicals,2
thrifting,2
PS5,2
LonghornSteakhouse,2
Promote_Your_Channel,2
Pennsylvania,2
USHistory,2
italygames,2
littlebigplanet,2
PcBuild,2
patientgamers,2
linocut,2
hellraiser,2
DebtStrike,2
Wellthatsucks,2
glassanimals,2
Topster,2
Femboy_Hispanos,2
MTFSelfies,2
FemboyFashion,2
transgirlsrock,2
fempark,2
iPhoneography,2
minimalistphotography,2
photography,2
nosework,2
TrillionaireMindsPod,2
photocritique,2
OFWGKTA,2
verizon,2
nederlands,2
2meirl4meirl,2
InsideJob,2
AusRenovation,2
GardeningAustralia,2
AncestryDNA,2
Beavers,2
magpies,2
Barcelona,2
ECE,2
fromsoftware,2
mexicanfood,2
LudwigAhgren,2
GMMemes,2
GlitchInTheMatrix,2
Needafriend,2
DesiWomenFashion,2
IndianBeautyDeals,2
IndianBeautyDeclutter,2
AskIndia,2
KultUpdates,2
IndianFashionAddicts,2
MechanicalKeyboardsUK,2
arcticmonkeys,2
solotravel,2
TravelHacks,2
Shoestring,2
HousingUK,2
tipofmyjoystick,2
CasualUK,2
WetCaleb,2
ARFID,2
okbuddydraper,2
ParlerWatch,2
pestcontrol,2
SuddenlyGay,2
asoiaf,2
TomDelongeGuitars,2
gibson,2
blowback,2
iPhoneSE,2
internationalpolitics,2
HistoryPorn,2
eu4,2
Madden,2
Afghan,2
bikecommuting,2
RadPowerBikes,2
halloween,2
StonerEngineering,2
Animals,2
Delta_Emulator,2
SnapshotHistory,2
crappyoffbrands,2
BokuNoHeroAcademia,2
WouldYouRather,2
whatisthismushroom,2
MARIOPARTY,2
AshleyLeechinSnark,2
pakistan,2
Invincible,2
chiweenie,2
PuyallupWA,2
confusing_perspective,2
twilight,2
crssdfest,2
horizon,2
elliottsmith,2
okbuddyvicodin,2
AlanWake,2
omgitsketo,2
Daniellarson,2
60daysin,2
FilthyFrank,2
VinylCollectors,2
lostmedia,2
Resume,2
ibs,2
Eloping,2
Outdoors,2
bupropion,2
WANDAVISION,2
Weddingsunder10k,2
CasualConversation,2
TwoXIndia,2
airpods,2
SuperMegaShow,2
SNHU,2
Moonstone_Island,2
UberEatsDrivers,2
aliens,2
basset,2
ACNHGifts,2
LilPeep,2
fixit,2
DesignMyRoom,2
XXXTENTACION,2
OnePieceLiveAction,2
animequestions,2
FOXNEWS,2
ItalyTravel,2
Madrid,2
destinymatrix,2
Shamanism,2
WutheringWaves,2
AstrologyCharts,2
AmazighPeople,2
corona,2
AndroidQuestions,2
Flipping,2
MaxFosh,2
UniversalOrlando,2
RedbarBBR,2
bmpcc,2
Youtubeviews,2
YoutubeSelfPromotions,2
WhenWeWereYoungFest,2
cosplay,2
DungeonMeshi,2
Peterborough,2
Rottweiler,2
cute,2
NoPixel,2
malcolminthemiddle,2
ranma,2
instacart,2
ThereIsnoCat,2
SkerRitual,2
G59,2
VampireSurvivors,2
MandelaEffect,2
mainecoons,2
MortalKombat,2
ToddintheShadow,2
alexjones,2
StarWarsBattlefront,2
persona3reload,2
FallenOrder,2
GotG,2
MultiVersusTheGame,2
HiTMAN,2
NewOrleans,2
F1NN5TER,2
Blasphemous,2
StudentLoans,2
panicatthedisco,2
JuicyCoutureHelp,2
curlyhair,2
ElectricUnicycle,2
Gundam,2
Design,2
malelivingspace,2
webdev,2
fashionscape,2
softwaregore,2
AnimalRights,2
u_xGentian_violet,2
worldnewsvideo,2
democrats,2
Synesthesia,2
missouri,2
rootbeer,2
DungeonsAndDragons,2
KingOfTheHill,2
circlejerkaustralia,2
nikiandgabidemartino,2
prochoice,2
ryobi,2
hardwareswap,2
EuSouOBabaca,2
filmeseseries,2
brasil,2
amiwrong,2
indianapolis,2
RetroTVRevival,2
shrooms,2
mangaswap,2
WeWantPlates,2
DoorDashDrivers,2
AnarchyChess,2
simracing,2
NintendoDS,2
horrorlit,2
NameMyCat,2
ActualPublicFreakouts,2
Weddingattireapproval,2
SVU,2
PoliticalMemes,2
THE_PACK,2
ffxiv,2
TurnipExchange,2
Embroidery,2
iWallpaper,2
oldpeoplefacebook,2
EDM,2
crappymusic,2
piano,2
Greenlantern,2
OuterBanksNetflix,2
CAStateWorkers,2
wildrift,2
facebook,2
HairSystem,2
littlespace,2
ChrisMiles,2
ChrisChanSonichu,2
Catswithjobs,2
McDonaldsEmployees,2
barexam,2
radioheadcirclejerk,2
DarkKenny,2
HaircareScience,2
asda,2
DWPhelp,2
curlygirl,2
PrivacyGuides,2
Honolulu,2
simplynailogical,2
makeupflatlays,2
graphic_design,2
NailArt,2
SFV,2
TwoBestFriendsPlay,2
UCSD,2
matrix,2
PSVR,2
FearTheWalkingDead,2
CrimeWeekly,2
HenricoCounty,2
Entomology,2
morbidlybeautiful,2
WarthunderPlayerUnion,2
cultofdusty,2
Shark3ozero,2
meme,2
hamstercare,2
RavenBoys,2
Scams,2
gaybros,2
slasherfilms,2
innout,2
MildlyBadDrivers,2
20w14infinite,2
socialistprogrammers,2
solarpunk,2
SouthAfricanLeft,2
LibertarianSocialism,2
thebakery,2
bread_irl,2
NewsOfTheStupid,2
BrexitMemes,2
SwedenPics,2
SandersForPresident,2
Endo,2
aspynovard,2
aspynovardsnark,2
sugarlifestyleforum,2
teefies,2
lastpodcastontheleft,2
coasttocoastam,2
TrueCrimePodcasts,2
ManchesterUnited,2
ImpracticalJokers,2
jailbreak,2
NintendoSwitch,2
selfhosted,2
festivals,2
environment,2
wholesome,2
fragranceclones,2
PoliticalHumor,2
BruceSpringsteen,2
wendys,2
McDonalds,2
vcu,2
americantruck,2
FacebookMarketplace,2
lehighvalley,2
weightlifting,2
Amigurumi,2
StainlessSteelCooking,2
gshock,2
TravelMaps,2
kaiserredux,2
MapsWithoutNZ,2
InternationalNews,2
Gameboy,2
MysteryDungeon,2
framework,2
ableton,2
ContemporaryArt,2
sydney,2
Tokyo,2
KiaEV6,2
friendlyjordies,2
BalenciagaLC,2
MedicalCannabisOz,2
VRGaming,2
AppleVisionPro,2
dhl,2
candy,2
3Dmodeling,2
ValveIndex,2
sui,2
ExodusWallet,2
oculus,2
philadelphia,2
DermatologyQuestions,2
dropoutspodcastdebat,2
distractible,2
Fallout,2
mgmt,2
Frostpunk,2
Productivitycafe,2
RedDeadOnline,2
SherwoodPark,2
Aliexpress,2
starbucks,2
CanSkincare,2
beatles,2
Jcole,2
casualnintendo,2
NonPoliticalTwitter,2
LOONA,2
BattleNetwork,2
hannahstellaO2,2
RekietaLaw,2
paydaytheheist,2
VyvanseADHD,2
benshapiro,2
cnn,2
PrinceEdwardCounty,2
asmr,2
science,2
marchingband,2
EUGENIACOONEY,2
keffals,2
comicbooks,2
BigBoobsGW,2
titsonastick,2
NewsAndPolitics,2
maybemaybemaybe,2
GreenManGaming,2
MergeDragons,2
JoinMochiHealth,2
FreeTelly,2
plassing,2
law,2
boringdystopia,2
maryland,2
economicCollapse,2
tf2,2
aphextwin,2
Pescatarian,2
AcneScars,2
MicrobladingRemoval,2
wwfoodie,2
GameTheorists,2
Agario,2
canadaexpressentry,2
LeaksAndRumors,2
oneplus,2
AskCulinary,2
directsupport,2
SelfieDump,2
shittymoviedetails,2
porterrobinson,2
motorcitykitties,2
tattoo,2
MagicCardPulls,2
KingdomHearts,2
Dreams,2
artstore,2
CozyPlaces,2
IMGreddit,2
Barbie,2
lostafriend,2
lesbianfashionadvice,2
DestinyTheGame,2
HIM,2
iih,2
TeamSESH,2
TopCharacterTropes,2
FindTheSniper,2
raleigh,2
NZXT,2
TVDetails,2
Minecraft,2
PanPorn,2
TrollXChromosomes,2
newinbeauty,2
TheHandmaidsTale,2
crossdressing,2
iwatchedanoldmovie,2
chat,2
HentaiAndRoleplayy,2
FeetToesAndSocks,2
christenwhitmansnark,2
miniatureskirmishes,2
teenagers,2
DigitalArt,2
muacirclejerk,2
UKfood,2
flicks,2
malegrooming,2
bulimia,2
rage,2
Zoomies,2
madelinesoto,2
TrashTuesday,2
FashionReps,2
sleep,2
Bangkok,2
AskLosAngeles,2
psychedelicrock,2
LivingWithAutismSNARK,2
medicalscribe,2
BadBunnyPR,2
FloridaPanthers,2
MaladaptiveDreaming,2
IDmydog,2
walkman,2
seniordogs,2
bobdylan,2
airbuds,2
quilting,2
garfield,2
Poem,2
RedecorHomeDesignGame,2
ac_newhorizons,2
RocketLeagueExchange,2
ThriftStoreHauls,2
SewingWorld,2
blurrypicturesofcats,2
catpics,2
taobao,2
milwaukee,2
TirzepatideRX,2
spiders,2
airplaneears,2
JerkingInstruction,2
DCInterns,2
TrueUnpopularOpinion,2
PokeLeaks,2
deadrising,2
IndianCountry,2
psx,2
TimAndEric,2
barrescue,2
Juujika_no_rokunin,2
ToolBand,2
bapeheads,2
lawncare,2
heat,2
chats,2
Psoriasis,2
SebDerm,2
MLQuestions,2
vtubers,2
Masks,2
Kommunismus,3
semantic_error,3
HasanAbi_Snark,3
Epilepsy,3
houston,3
ShroomID,3
MeatCanyon,3
poshmark,3
Afterpay,3
fansofcriticalrole,3
DnD,3
YoutubeMusic,3
Healthyhooha,3
fnv,3
MusicRecommendations,3
OCDmemes,3
texts,3
ehlersdanlos,3
Manipulation,3
languagelearning,3
AskMiddleEast,3
AustralianPolitics,3
LookatMyHalo,3
PartneredYoutube,3
UkraineWarVideoReport,3
Animesuggest,3
AmITheDevil,3
USMilitarySO,3
tacobell,3
exchristian,3
europe,3
whatcarshouldIbuy,3
askTO,3
OpenAI,3
FIlm,3
boxoffice,3
INAT,3
GalaxyS20FE,3
3dshomebrew,3
Supernatural,3
TownofSalemgame,3
Nootropics,3
TrigeminalNeuralgia,3
VHS,3
turntables,3
InlandEmpire,3
Minneapolis,3
moreplatesmoredates,3
girls,3
actuallesbians,3
POTS,3
Frenemies,3
CreepyCalebHammer,3
EIDLPPP,3
TorontoDriving,3
corvallis,3
ghostoftsushima,3
insomnia,3
justneckbeardthings,3
Nicegirls,3
IllegallySmolCats,3
creepyPMs,3
habbo,3
expats,3
Slut,3
PrizePicks,3
Vechain,3
PokeInvesting,3
EdmontonOilers,3
Project2025Award,3
kpop,3
wordsbyher5,3
okko,3
7vsWild,3
ThreeLions,3
CredibleDefense,3
DraftKingsDiscussion,3
Cebu,3
MVIS,3
cutekpopgirls,3
CasualIreland,3
CreepyBonfire,3
GoonetteHub,3
Spielstopp,3
Lottery,3
RPClipsGTA,3
cyberpunkgame,3
CouncilOfCats,3
Cooking,3
RighteousGemstones,3
bloomington,3
TheFloorTV,3
Blooddonors,3
SmolBeanSnark,3
HPHogwartsMystery,3
MyAnimeList,3
writers,3
TheOCS,3
MurderedByWords,3
irishpolitics,3
GreenAndPleasant,3
cursedcomments,3
primaverasound,3
cholestasis,3
perth,3
IsraelPalestine,3
galaxyzflip,3
FFVIIRemake,3
FairCityFans,3
askspain,3
Depop,3
DisneyEyes,3
AccidentalRenaissance,3
korea,3
TalkTuahReddit,3
bamarush,3
UGA,3
fearand,3
whatisthisplant,3
KitSwap,3
malehairadvice,3
titanic,3
GrandmasPantry,3
GrandPrixTravel,3
WatchPeopleDieInside,3
PhD,3
TVTooHigh,3
Consoom,3
Komi_san,3
rootgame,3
RootRPG,3
thebachelor,3
Somerville,3
mac,3
Wizard101,3
clay,3
krakow,3
medical,3
medical_advice,3
police,3
spotted,3
SurfFishing,3
FishingAustralia,3
flyfishing,3
houstonwade,3
lilwayne,3
Shipwrecks,3
florida,3
DesperateHousewives,3
netflix,3
TheBear,3
Scream,3
areTheAllosOK,3
whatisthisthing,3
batonrouge,3
Twitch,3
LSD,3
donaldglover,3
oasis,3
NonBinary,3
HSPulls,3
texas,3
cottagecore,3
CapeCod,3
CrochetHelp,3
choppers,3
NicksHandmadeBoots,3
MechanicAdvice,3
cannabiscultivation,3
GTA,3
tearsofthekingdom,3
mildyinteresting,3
MoldlyInteresting,3
homedecoratingCJ,3
orlando,3
junjiito,3
collage,3
TrapCuties,3
Crossdress_Expression,3
Femboys4real,3
sissydressing,3
ipad,3
k9sports,3
Agility,3
PoliticalVideo,3
Accounting,3
HistoricalCapsule,3
punchablefaces,3
lifeisstrange,3
scottishfold,3
AskBarcelona,3
gorillaz,3
rap,3
midlyinteresting,3
mycology,3
IndianMakeupAddicts,3
ecommerce,3
fo76,3
anime,3
citalopram_celexa,3
NovaScotia,3
abusiverelationships,3
TheCurse,3
BlatantMisogyny,3
NoShitSherlock,3
YearHareAffair,3
philosophy,3
Persecutionfetish,3
BG3,3
sandiego,3
HungryArtists,3
HowToBeHot,3
Botchedsurgeries,3
MyHeroAcadamia,3
Jokes,3
OutOfTheLoop,3
oblivion,3
elysemyerstiktoksnark,3
RHOP,3
keto,3
SpidermanPS4,3
controlgame,3
Guitar,3
AustralianCattleDog,3
soup,3
depression_help,3
LifeAfterSchool,3
socialskills,3
entwives,3
GetMotivatedBuddies,3
getdisciplined,3
whatismycookiecutter,3
AppleMusic,3
Kazakhstan,3
JETProgramme,3
akita,3
chicagoapartments,3
OldManDog,3
HomeNetworking,3
amywinehouse,3
GilmoreGirls,3
ParisTravelGuide,3
TheCircleTV,3
answers,3
SonyAlpha,3
liberalgunowners,3
DannyGonzalez,3
YodayoAI,3
crescentcitysjm,3
AustralianShepherd,3
formula1,3
adventuretime,3
WKUK,3
cartoons,3
foothill,3
BatmanArkham,3
Petioles,3
Apexrollouts,3
howardstern,3
funk,3
persona4golden,3
moresneakers,3
SmilingFriends,3
criterion,3
Pensacola,3
letterboxdcirclejerk,3
Vocaloid,3
ShingekiNoKyojin,3
sims2help,3
ANGEL,3
Borderlands,3
esports,3
Sephora,3
Socialism_101,3
bizarrelife,3
ZenlessZoneZero,3
anime_titties,3
gofundme,3
marketing,3
CrappyDesign,3
wedding,3
Pareidolia,3
COMPLETEANARCHY,3
DavidBowie,3
doctorwho,3
Naruto,3
JillianHarrisSnark,3
ubco,3
trintellix,3
stavvysworld,3
Tatuagem,3
Unicamp,3
MeJulgue,3
MusicaBR,3
palmeiras,3
TrueDetective,3
PergunteReddit,3
thewalkingdead,3
Supreme,3
earthbound,3
KamalaHarris,3
systemofadown,3
AskAstrologers,3
GuiltyPleasureMusic,3
PortToVita,3
F1Game,3
3DS_IPS_TN,3
oilpainting,3
Scotland,3
firstworldanarchists,3
orcas,3
volleyball,3
benzodiazepines,3
treemusic,3
ContagiousLaughter,3
insaneparents,3
analog,3
Mirtazapine_Remeron,3
riddim,3
energydrinks,3
ankylosingspondylitis,3
kurtisconner,3
horny,3
GypsyRoseBlanchard,3
ThailandTourism,3
CrohnsDisease,3
Bedbugs,3
backpain,3
MakeupLounge,3
pyrocynical,3
armoredcore,3
scameconomy,3
internettoday,3
steak,3
joker,3
confidentlyincorrect,3
eurovision,3
UTAustin,3
BDSMAdvice,3
Tarotpractices,3
punk,3
GothFashion,3
discgolf,3
AroundTheNFL,3
iosmusicproduction,3
KimetsuNoYaiba,3
androidthemes,3
polishfood,3
LandscapeArchitecture,3
HealthAnxiety,3
SleepApnea,3
AskOldPeople,3
bikepacking,3
Battlefield,3
gypsyjazz,3
simonfraser,3
ottawa,3
montreal,3
ThrowingFits,3
retroid,3
NBA2k,3
sportsbetting,3
stephenking,3
Mommit,3
footballmanagergames,3
erg_miners,3
productivity,3
vanderpumprules,3
EtsySellers,3
H5N1_AvianFlu,3
zayn,3
WendyWilliams,3
MenendezBrothersFair,3
Falcom,3
bravia,3
kustom,3
SwagBucks,3
manchester,3
circuswannabesnark,3
poker,3
MarvelMultiverseRPG,3
rome,3
TownshipGame,3
wickedmovie,3
hearthstone,3
Nude_Selfie,3
adorableporn,3
ass,3
MemeVideos,3
olympics,3
textbooks,3
gamegrumps,3
TTC_PCOS,3
onlyfansadvice,3
PaymoneyWubby,3
SmallDeliMeats,3
bjork,3
XOMaCennaUnfiltered,3
SipsTea,3
menstrualcups,3
therapy,3
fantasybball,3
stocks,3
acting,3
cremposting,3
mtgvorthos,3
Heavymind,3
sexualhealth,3
questions,3
sploot,3
GrowingMarijuana,3
Ceramics,3
3Dprinting,3
Alienware,3
swiftiecirclejerk,3
scientology,3
Gazasupport,3
Amitriptyline,3
h3h3_gonewild,3
rapefantasies,3
zines,3
riotgrrrl,3
emotionalneglect,3
Switzerland,3
traditionalflash,3
dachshunds,3
gopro,3
boxingcirclejerk,3
Rosacea,3
ETFs,3
Thailand,3
istanbul,3
CaneCorso,3
brighteyes,3
jewelrymaking,3
NewGirl,3
Morrowind,3
CrazyHand,3
smashgifs,3
YouBelongWithMemes,3
Oldnavy,3
TheTryGuys,3
StardewMemes,3
enoughpetersonspam,3
baseballcirclejerk,3
Jinjer,3
CompetitiveTFT,3
witcher,3
Pomeranians,3
AskAnthropology,3
ExEgypt,3
90DayFiance,4
awfuleverything,4
Effexor,4
GestationalDiabetes,4
firsttimemom,4
MSI,4
3d6,4
linguistics,4
greysanatomy,4
doordash,4
Deathcore,4
abandonedohio,4
referralcodes,4
BadGirlsClub,4
place,4
Zillennials,4
PolinBridgerton,4
wowcirclejerk,4
AgathaAllAlong,4
learn_arabic,4
AskHistorians,4
KitchenConfidential,4
CrazyFuckingVideos,4
Neverbrokeabone,4
Futurology,4
streetwear,4
SubredditDrama,4
PersonalFinanceCanada,4
Weird,4
justgalsbeingchicks,4
puppy101,4
PhotoshopRequest,4
Stretched,4
weedstocks,4
PetsareAmazing,4
DecodingTheGurus,4
Poetry,4
jacksepticeye,4
AskTeens,4
scuba,4
Wellbutrin_Bupropion,4
doordash_drivers,4
bipolar2,4
CalebHammer,4
wisconsin,4
EatCheapAndHealthy,4
StarWars,4
ios,4
fountainpens,4
Travelersnotebooks,4
TattooRemoval,4
insanepeoplefacebook,4
2000sNostalgia,4
tragedeigh,4
1000lbsisters,4
CampFlogGnaw,4
socialism,4
walmart,4
namenerds,4
TrueCrime,4
TrueCrimeDiscussion,4
YuGiOhMasterDuel,4
masterduel,4
dirtyr4r,4
startrek,4
Sneakers,4
StardustCrusaders,4
pokemon,4
Makeup,4
twinpeaks,4
skyrim,4
BodyDysmorphia,4
forensics,4
thevoidz,4
FAMnNFP,4
mffpc,4
Unexpected,4
Michigan,4
liluzivert,4
campsnapcamera,4
Grocerycost,4
notinteresting,4
nohoesjustsoles,4
judo,4
minami,4
TheSims4Mods,4
LifetimeLittleWomen,4
thesims4,4
DebateTok_Snark,4
books,4
Periods,4
thesopranos,4
NewDads,4
bjj,4
WalmartEmployees,4
KyleKulinski,4
YouOnLifetime,4
WorkReform,4
catsbeingbanks,4
imagecreator,4
Ben10,4
trueratediscussions,4
AfterEffects,4
youtubedl,4
KnowledgeFight,4
Carolinepolachek,4
ImTheMainCharacter,4
Epstein,4
MoroccoLGBT,4
czech,4
darksouls3,4
sharks,4
AskHistory,4
PastAndPresentPics,4
Warthunder,4
ershow,4
DefNoodles,4
Costco,4
harrypotter,4
Omaha,4
WarhammerCompetitive,4
totalwar,4
AutisticAdults,4
PixelArt,4
apple,4
austrian_economics,4
puffco,4
Cartalk,4
AutismInWomen,4
Poopfromabutt,4
printmaking,4
conspiracytheories,4
Bandnames,4
traps,4
cancelledpod,4
Bushwick,4
LoveIslandUSA,4
InstacartShoppers,4
lego,4
DragonsDogma,4
Tekken,4
Dislyte,4
Genealogy,4
AskHR,4
MagicArena,4
findareddit,4
TheOfficialPodcast,4
wendigoon,4
redditrequest,4
indianbeautyhauls,4
shopify,4
picrequests,4
AskUK,4
amcirclejerk,4
Mizkif,4
FellowKids,4
pittsburgh,4
madmen,4
BoyBoyYoutube,4
newzealand,4
PokemonTCG,4
Showerthoughts,4
HuayuScholarship,4
UsbCHardware,4
CringePurgatory,4
dentures,4
JKentsnarkk,4
reddeadredemption,4
ForgottenTV,4
findapath,4
InstaCelebsGossip,4
NYTConnections,4
narcissisticparents,4
AskVet,4
businessanalysis,4
VACCINES,4
ask,4
MarxistCulture,4
AskPhysics,4
AfricanDwarfFrog,4
Palworld,4
cat,4
southpark,4
badfriendspod,4
Dragula,4
thesimscc,4
fightsticks,4
azdiamondbacks,4
Bossfight,4
ContraPoints,4
forhonor,4
DragonsDogma2,4
filmes,4
a:t5_4990hm,4
samsunggalaxy,4
3DS,4
billieeilish,4
BirdPhotography,4
TheLastAirbender,4
Blep,4
isleofwight,4
nhsstaff,4
sewing,4
decentfoodporn,4
Walshfamilysnark,4
ShitAmericansSay,4
AnimalRestaurant,4
ArtBell,4
heedthecall,4
KansasCityChiefs,4
Breath_of_the_Wild,4
fight_disinformation,4
PMsFeedback,4
Enough_Sanders_Spam,4
PlasticSurgery,4
PandaExpress,4
ArtHistory,4
bicycling,4
DobermanPinscher,4
TNOmod,4
neoliberal,4
Surface,4
synthesizers,4
factorio,4
Adobe,4
indiegames,4
AppleWatch,4
QuestPro,4
Xreal,4
Owala,4
MyTeam,4
postpartumprogress,4
BingeEatingDisorder,4
alberta,4
contacts,4
xtc,4
Bestbuy,4
StarWarsLeaks,4
Cobourg,4
FloridaUnemployment,4
sailormoon,4
gymsnark,4
sadposting,4
ClimateShitposting,4
dui,4
fivenightsatfreddys,4
the1975,4
STAYC,4
covidlonghaulers,4
chaosqueen,4
tonightsdinner,4
webtoons,4
phish,4
depressionmeals,4
nycrail,4
axolotls,4
MakeupRehab,4
ForcedFeminization,4
BUENZLI,4
dogsenjoyingnature,4
options,4
Schwab,4
phuket,4
CriticalTheory,4
SoftWhiteUnderbelly,4
hockey,4
orangetheory,4
Needlefelting,4
Catnames,4
CrackheadCraigslist,4
bookscirclejerk,4
NFCNorthMemeWar,4
DynastyFF,4
audiophile,4
DiscoElysium,4
DarkRomance,4
FE_Exam,4
Killtony,5
BG3Builds,5
SuggestALaptop,5
Yellowjackets,5
Rabbits,5
virtualreality,5
GriefSupport,5
Dexter,5
RPDR_UK,5
oddlysatisfying,5
catherinepaizsnark,5
Gwinnett,5
3dspiracy,5
Snorkblot,5
seniorkitties,5
BrandNewSentence,5
Disneyland,5
succulents,5
bodyweightfitness,5
JeffWittek,5
transformers,5
funhaus,5
careerguidance,5
QAnonCasualties,5
gimlet,5
ukmedicalcannabis,5
freefolk,5
Wellington,5
PTCGP,5
plushies,5
glossier,5
DankLeft,5
glasgow,5
de,5
AO3,5
EliteNetflix,5
HorrorMovies,5
selfimprovement,5
dating,5
reactivedogs,5
BreakingPoints,5
LushCosmetics,5
PersonOfInterest,5
familyguy,5
changemyview,5
scambait,5
Adulting,5
television,5
CartiCulture,5
finehair,5
Overwatch,5
Somalia,5
progressive_islam,5
Barca,5
migraine,5
manga,5
travel,5
Eldar,5
bristol,5
cuba,5
energy,5
atheism,5
iamatotalpieceofshit,5
vexillology,5
LandlordLove,5
AlignmentCharts,5
Sissies,5
iPhone13ProMax,5
Esthetics,5
TheCinemassacreTruth,5
SteamDeck,5
MtSAC,5
Seneca,5
moviecritic,5
desifemfrag,5
indiafitchecks,5
halifax,5
lonerbox,5
terriblefacebookmemes,5
brockhampton,5
Hormones,5
Anarchy101,5
okc,5
acotar,5
JapanTravelTips,5
Names,5
TortoiseShellCats,5
astrologymemes,5
Chipotle,5
persiancat,5
sims4cc,5
thesims,5
Dolls,5
gonewildaudio,5
CoinBase,5
PostHardcore,5
baseball,5
Tucson,5
bropill,5
war,5
hannahdubberly,5
BlackMythWukong,5
Canarinho,5
PsicologiaBR,5
shallntourage,5
Shittygamecollecting,5
debtfree,5
DojaCat,5
Portsmouth,5
roughcollies,5
TorontoRaves,5
mentalhealth,5
BurningMan,5
whatsthisrock,5
booksuggestions,5
lrcast,5
smashbros,5
loveafterporn,5
powerrangers,5
helldivers2,5
custommagic,5
WalgreensStores,5
reddit.com,5
CryptoCurrency,5
KyraReneeSivertson,5
ArtCrit,5
CanyonBikes,5
PAWilds,5
TheBCCS,5
giantbomb,5
truearianators,5
prettyaltgirls,5
u_bonnybunn,5
PetPigeons,5
CovidVaccinated,5
haiku,5
Gaza,5
Jellycatplush,5
Ezralurkingaround,5
Oreo_skittles3,5
kpophelp,5
SupermarketSimulator,5
GlacierNationalPark,5
customactionfigures,5
u_Unequivocally_Maybe,5
CreditCards,5
PirateKitties,5
Persona5,5
Autobody,5
HasanTerrorist,6
AnimalCrossingNewHor,6
acnh,6
college,6
BabyBumps,6
rant,6
Dominos,6
capetown,6
ArcaneAnimatedSeries,6
Onision,6
GossipHarbor,6
sex,6
Perfumes,6
NameThatSong,6
BPDrecovery,6
90DayFianceUK,6
dpdr,6
seculartalk,6
jerseyshore,6
handbags,6
glioblastoma,6
Spacemarine,6
askberliners,6
hamburg,6
JewsOfConscience,6
LPOTL,6
ZheaniCult,6
Knife_Swap,6
YouniquePresenterMS,6
indieheads,6
brittanydawnsnark,6
beauty,6
PokemonSleep,6
IndustryOnHBO,6
CasualPT,6
lexapro,6
MovieSuggestions,6
LastStandMedia,6
coybig,6
trading212,6
Disneycollegeprogram,6
UPS,6
DTI,6
whatif,6
cushvlog,6
spongebob,6
briannachickenfrsnark,6
bugs,6
specialed,6
ForeverAloneWomen,6
AuDHDWomen,6
voidpunk,6
localnatives,6
Warhammer40k,6
whatisit,6
GoneWildTrans,6
RSPfilmclub,6
MiniatureSchnauzer,6
BenAndEmil,6
piebaldcats,6
DunderMifflin,6
h3snarksnark,6
Leeds,6
antidepressants,6
longhair,6
apolloapp,6
blursedimages,6
MarioMaker,6
TheBoys,6
listentothis,6
UberEATS,6
RATS,6
juliensolomita,6
Christianity,6
nextfuckinglevel,6
SouthJersey,6
dbz,6
rule34aiart,6
abanpreach,6
USCIS,6
Jazz,6
ytp,6
homestuck,6
attackontitan,6
Kappachino,6
machinedpens,6
truespotify,6
Eminem,6
crafts,6
Unemployment,6
NewRoryNMalPodcast,6
HumanistReport,6
CombatFootage,6
GooglePixel,6
Calgary,6
TowerofGod,6
malefashionadvice,6
VisionPro,6
Balenciaga,6
TeslaModel3,6
CHIBears,6
lotrmemes,6
local58,6
crusaderkings3,6
mrbeastsnark,6
Nipples,6
BreedingMaterial,6
hashgraph,6
exvegans,6
duolingo,6
OneyPlays,6
GodofWar,6
sissyplace,6
LiminalSpace,6
KateMiddletonMissing,6
AFireInside,6
polypoppinexposed,6
buildabearBST,6
DeathStranding,6
Flyers,6
RustConsole,6
glee,6
PokemonInfiniteFusion,6
zachbryan,6
brooklynninenine,7
SisterWives,7
LifeProTips,7
breakingbad,7
writing,7
BridgertonNetflix,7
rpdrcringe,7
Global_News_Hub,7
recruitinghell,7
halo,7
blackops6,7
Georgia,7
Apartmentliving,7
PSSD,7
Superstonk,7
Pets,7
CampFlognaw,7
offmychest,7
OneOrangeBraincell,7
Albany,7
40kLore,7
self,7
disability,7
asktransgender,7
BoomersBeingFools,7
Animedubs,7
CoDCompetitive,7
Dimension20,7
depoop,7
dartmoor,7
Starfield,7
Art,7
shittyfoodporn,7
TFABChartStalkers,7
196,7
kindafunny,7
deathgrips,7
Renters,7
france,7
rickandmorty,7
battlestations,7
VALORANT,7
VideoEditing,7
Pathfinder2e,7
pregnant,7
bloodborne,7
UnfilteredPod,7
Starlink,7
EDanonymemes,7
shortcuts,7
BillBurr,7
Wrasslin,7
Barotrauma,7
LiverpoolFC,7
ColdOnes,7
columbiamo,7
NYCinfluencersnark,7
findfashion,7
plantclinic,7
CommunismMemes,7
TigerBelly,7
BlackPeopleTwitter,7
britishcolumbia,7
weed,7
KotakuInAction,7
survivorcirclejerk,7
RHOBH,7
EDAnonymous,7
HairDye,7
geography,7
buffalobills,7
alchemy,7
glutenfree,7
BobsTavern,7
nova,7
knitting,7
OculusQuest,7
leftistoffspringtips,7
Brazil,7
food,7
theserfstv,7
Anarchism,7
AssassinsCreedValhala,7
traderjoes,7
askdentists,7
askvan,7
EtherMining,7
tombihn,7
mikeymiles,7
TributeMe,7
ABoringDystopia,7
emetophobia,7
30PlusSkinCare,7
MkeBucks,7
Sissy_humiliation,7
TOTK,7
ROCD,7
PokemonROMhacks,7
fuckcars,8
Modern_Family,8
MonsterHigh,8
leagueoflegends,8
wownoob,8
Marriage,8
DeadBedrooms,8
Intune,8
legaladvice,8
futurama,8
TheSilphRoad,8
tophiachutiktok,8
ainbow,8
JamesBlake,8
veganfitness,8
KanojoOkarishimasu,8
GradSchool,8
HabboHotelOrigins,8
90dayfianceuncensored,8
PoliticalDiscussion,8
playstation,8
whatthefrockk,8
ShaneDawson,8
Nails,8
behindthebastards,8
starterpacks,8
Accutane,8
HistoricalRomance,8
NewParents,8
sexandthecity,8
LittlestPetShop,8
MyLittlePonyG3,8
bing,8
gameofthrones,8
PCOS,8
askgaybros,8
Damnthatsinteresting,8
FemBoys,8
Seekingderangements,8
iPhone16ProMax,8
Instagram,8
TopCharacterDesigns,8
fishtanklive,8
classicwow,8
rhoslc,8
chicagofood,8
dogs,8
cna,8
femalelivingspace,8
PlayTheBazaar,8
SkyLine,8
GazaInvasionFootage,8
pcmasterrace,8
GrandPrixRacing,8
formuladank,8
adultsurvivors,8
unitedkingdom,8
vegancirclejerk,8
Jordan_Peterson_Memes,8
AnarchoBreadtube,8
everskiestrashhh,8
eczema,8
Unity3D,8
MelbourneTrains,8
selfie,8
ARAM,8
DogeBONK,8
bruxism,8
sadboys,8
HealthInsurance,8
FFXVI,8
confession,8
iphone,9
BaldursGate3,9
raisedbynarcissists,9
OCD,9
therewasanattempt,9
Uzbekistan,9
AMA,9
labrador,9
ChatGPT,9
Nmpx,9
LandonMcBroomSnaps,9
3dsqrcodes,9
CATHELP,9
okbuddyvowsh,9
tiktokgossip,9
FriendsofthePod,9
Dodgers,9
Illustration,9
facepalm,9
fragrance,9
A24,9
AskAnAmerican,9
gybe,9
Jujutsufolk,9
Sims4,9
Skincare_Addiction,9
orangecounty,9
gaming,9
goodmythicalmorning,9
technology,9
lanitas,9
Music,9
badroommates,9
FluentInFinance,9
HOTDGreens,9
whatsthissnake,9
WTF,9
stephanieharlowesnark,9
musicsuggestions,9
Hiphopcirclejerk,9
roosterteeth,9
CrossStitch,9
RedLetterMedia,9
fantasyfootball,9
fantasyfootballadvice,9
coloranalysis,9
leaves,9
antinatalism,9
curb,9
weezer,9
Political_Revolution,9
23andme,9
LinusTechTips,9
SBCGaming,9
kardashians,9
LowSodiumHellDivers,9
ChainsawMan,9
JuJutsuKaisen,9
PetPeeves,9
BrandyMelville,9
Sissykik2,9
metalgearsolid,9
fantasybaseball,9
TheWeeknd,9
Nauka_Uczelnia,9
UFOs,10
witchcraft,10
jobs,10
EscapefromTarkov,10
unpopularopinion,10
8passengersnark,10
meirl,10
TattooDesigns,10
MakeupAddiction,10
Hair,10
1200isplenty,10
todayilearned,10
whatsthisplant,10
ProCreate,10
intj,10
creepcast,10
lanadelrey,10
DoesAnybodyElse,10
Serverlife,10
BritneySpears,10
KUWTKsnark,10
bathandbodyworks,10
Money,10
Asmongold,10
ufyh,10
YMS,10
LPSbuyingandtrading,10
Assistance,10
GoodAssSub,10
tattoos,10
UVA,10
stickshift,10
IThinkYouShouldLeave,10
trashy,10
JUSTINBIEBER,10
MelanieMartinez,10
AmazonFC,10
providence,10
starwarsspeculation,10
liraglutide,10
BiggerThanYouThought,10
Novavax_vaccine_talk,10
WomensHealth,10
Frenchbulldogs,10
hoi4,10
BroskiReport,11
olivertree,11
Vent,11
Genshin_Impact,11
CleaningTips,11
me_irl,11
Tetris,11
gardening,11
nottheonion,11
Ubiquiti,11
Drugs,11
LesbianActually,11
furby,11
bartenders,11
ireland,11
drawing,11
personalfinance,11
soccercirclejerk,11
MSI_Gaming,11
BPD,11
Piracy,11
conspiracy,11
tylerthecreator,11
badempanadas,11
finch,11
theadamfriedlandshow,11
steam_giveaway,11
bindingofisaac,11
Gamingcirclejerk,11
balatro,11
itookapicture,11
ShuumatsuNoValkyrie,11
MakeNewFriendsHere,11
apexlegends,11
realhousewives,11
ariheads,11
AdultChildren,11
Instagramreality,11
buildapc,11
u_bincabee1603,11
OldSchoolCool,11
Miscarriage,11
MileHigherPodcast,11
theJoeBuddenPodcast,11
exmuslim,11
ETCshow,11
MaddenUltimateTeam,11
FordMaverickTruck,11
Hedera,11
spinalcordinjuries,11
antipedoactivism,11
okbuddyreiner,11
news,12
MuslimMarriage,12
magicTCG,12
movies,12
dating_advice,12
BDS,12
RandomThoughts,12
SuicideWatch,12
painting,12
oddlyterrifying,12
Helldivers,12
longbeach,12
codyko,12
VindictaRateCelebs,12
collapse,12
blndsundoll4mj,12
SwiftlyNeutral,12
skiing,12
AnimeReccomendations,12
WitchesVsPatriarchy,12
boston,12
CICO,12
houseofleaves,12
CourtTVCases,12
StephanieSooStories,12
weirdspotifyplaylists,12
joytactics,12
Portland,12
tarantulas,12
beatlescirclejerk,12
trippy,12
PodcastPromoting,12
PodcastSharing,12
ActionFigures,12
MADAUXcirclejerk,12
ACTrade,12
tamagotchi,12
socialistmaths,12
TheGoldenBachelorette,12
dancingwiththestars,12
brisbane,12
wicked,12
NessMains,12
SJSU,12
HayDay,12
MurderBryan,12
marilyn_manson,12
TjMaxx,12
BeautyGuruChatter,13
NewTubers,13
birthcontrol,13
clevercomebacks,13
Columbus,13
HHN,13
megantheestallion,13
HouseOfTheDragon,13
FromTVEpix,13
rva,13
danglers,13
Austin,13
TheSimpsons,13
Semaglutide,13
magicthecirclejerking,13
iPadPro,13
schnauzers,13
suggestmeabook,13
shitrentals,13
depression,13
macbookpro,13
electricdaisycarnival,13
Nanny,13
borrow,13
BustyPetite,13
LowSodiumSimmers,13
nursing,13
BettyRageSnark,13
tirzepatidecompound,13
interiordecorating,14
trans,14
AdviceAnimals,14
vaporents,14
shittytattoos,14
TwoHotTakes,14
australia,14
CatAdvice,14
jimmyjohns,14
braincancer,14
SanJose,14
OnePiece,14
jjdandfamily,14
Monopoly_GO,14
Wattpad,14
Miami,14
FortniteCompetitive,14
FantasyPL,14
MuseumPros,14
Petloss,14
SarahBowmar,14
ClubPenguin,14
horror,15
worldnews,15
BaddiesSouth,15
funny,15
Tiktokhelp,15
Anxiety,15
sims2,15
explainlikeimfive,15
nfl,15
LosAngeles,15
HunterXHunter,15
WeightLossAdvice,15
Mercari,15
HuntShowdown,15
ricohGR,15
lebanon,15
Joji,15
sweden,15
OpenDogTraining,15
chicago,15
MonsterGirlAI,15
DOTA,15
PoliticalAstrology,15
vegan,15
LavLuneeeSnark,15
buildabear,15
antiwork,16
dragrace,16
CringeTikToks,16
loseit,16
Channel5ive,16
BreakUps,16
IASIP,16
portugal,16
whatsthisbug,16
soccer,16
canada,16
Jennamarbles,16
tarot,16
CPTSD,16
declutter,16
AskChicago,16
MacMiller,16
croatia,16
AxieInfinity,16
silenthill,16
mtgrules,17
MadeMeSmile,17
BadHasbara,17
thefighterandthekid,17
AnimalCrossing,17
Etsy,17
MMA,17
ynab,17
McFarlaneFigures,17
LateStageCapitalism,17
travisscott,17
FFIE,17
guineapigs,17
SoccerJerseys,17
deadbydaylight,17
foals,17
okbuddycinephile,17
grunge,17
latebloomerlesbians,17
Knoxville,17
FundieSnarkUncensored,17
ArianaGrandeSnark,17
aves,17
teenmom,17
caseoh_,17
PresidentialRaceMemes,17
Cornell,17
aww,18
FortNiteBR,18
TwoXChromosomes,18
FinasterideSyndrome,18
memes,18
AskDocs,18
germany,18
BoJackHorseman,18
spotify,18
videos,18
Kanye,18
saltwaterfishing,18
adhdwomen,18
WorldOfTShirts,18
microgrowery,18
avesLA,18
standardissuecat,18
iamsophie,18
mpcproxies,18
marvelstudios,18
GWNerdy,18
DelphiMurders,18
SlushyNoobz,19
bettafish,19
hiphopheads,19
interestingasfuck,19
brookiecookiesnark,19
Seattle,19
Chattanooga,19
SquaredCircle,19
autism,19
SleeperApp,19
diablo4,19
HaileyBaldwinSnark,19
gravelcycling,19
heroesofthestorm,19
michaelduvallxsnark,19
PokemonHome,19
mapporncirclejerk,19
StudentNurse,20
ufc,20
Tinder,20
EnoughMuskSpam,20
RomanceBooks,20
Hozier,20
eagles,20
survivor,20
vinted,20
gwu,20
bossmanjack,20
dancemoms,21
heroin,21
SkincareAddiction,21
popheads,21
MapPorn,21
MarvelSnap,21
PewdiepieSubmissions,21
grime,21
fantanoforever,21
ThePenguin,21
Piratefolk,21
mangago,21
u_PoisonFreed,21
TooAfraidToAsk,22
Palestine,22
ebikes,22
BrittanyBroskiSnark,22
BravoRealHousewives,22
betterCallSaul,22
uncensorstiny,22
Polska,22
sideloaded,22
Truckers,22
piercing,23
LoveIsBlindOnNetflix,23
squishmallow,23
relationships,23
Daliban,23
torties,23
moviescirclejerk,23
AubreighWyattCase,23
MenendezBrothers,23
CarolineGirvan,23
AttackOnRetards,23
WhitePeopleTwitter,24
fut,24
Coachella,24
Scranton,24
ADHD,25
pokemongo,25
KUWTK,25
tattooadvice,25
tipofmytongue,25
playboicarti,25
iPhone16Pro,25
LetsTalkBam,25
greenday,25
rupaulsdragrace,26
Addictedtotheneedle,26
mildlyinteresting,26
editors,26
BAGGU,26
DotA2,26
JoeRogan,26
hunterwunterlore,26
AmItheAsshole,27
EDH,27
GossipGirl,27
BreadTube,27
DemocraticSocialism,27
houseplants,28
bostonceltics,29
DoWeKnowThemPodcast,29
VinylReleases,29
FromSeries,29
Delphitrial,29
BollyBlindsNGossip,29
vancouver,29
RPDRDRAMA,30
blackcats,30
Webkinz,30
FishingForBeginners,30
ACPocketCamp,30
TMJ,30
Eldenring,31
TeenMomOGandTeenMom2,31
CompetitiveHS,31
ColleenBallingerSnark,32
TaylorSwift,32
Bratz,33
TrueOffMyChest,33
wow,34
Destiny,34
Charleston,34
trees,34
twentyonepilots,34
travisandtaylor,34
Dodocodes,34
chappellroan,35
TikTokCringe,35
MM_RomanceBooks,35
LatinoPeopleTwitter,35
relationship_advice,36
crochet,36
VaushV,36
DressToImpressRoblox,36
Browns,36
nba,37
Letterboxd,37
mildlyinfuriating,38
ShitLiberalsSay,38
emergencyintercom,38
buffy,38
dirtypenpals,38
AmITheAngel,39
youtube,39
okbuddyhasan,40
SaudiForSaudis,40
StardewValley,40
Morocco,40
u_strawberry_peach,41
AutoDetailing,41
LinkedInLunatics,42
PublicFreakout,42
SwoopSnarks,42
popheadscirclejerk,43
tennis,43
Feral_Cats,43
Edmonton,44
thedavidpakmanshow,44
pics,45
okbuddychicanery,45
2007scape,45
lgbt,46
trishapaytas,46
ChatterboxTwitch,46
TeddyFresh,47
wallstreetbets,47
TheMajorityReport,47
Degrassi,47
popculturechat,48
AmIOverreacting,48
LeopardsAteMyFace,48
Target,48
nickfromthegymsnarkk,49
NoJumper,50
charlixcx,50
rs_x,50
BombPartyGossip,50
Advice,51
AcaciaKerseySnark,54
bassfishing,57
buildapcsales,58
NoStupidQuestions,59
CrimeWeeklySnark,59
Displate,62
KendrickLamar,64
Fauxmoi,65
AITAH,66
TrueAnon,66
cats,73
arcane,79
politics,84
HRHCOLLECTION,84
melbourne,91
LAinfluencersnark,98
GenZ,101
Fishing,102
redscarepod,112
TheDeprogram,126
AskReddit,141
PokemonGoFriends,142
LivestreamFail,147
justtrishpodcast,163
youtubedrama,167
Frenemies3,170
canceledpod,179
h3h3_productions,678
Hasan_Piker,1436
h3h3productions,3031
h3snark,19037
